{"cameraMode":{"drawMode":0,"name":"Shaded","section":"Shading Mode"},"sceneLighting":false,"audioPlay":false,"sceneViewState":{"m_AlwaysRefresh":false,"showFog":true,"showSkybox":false,"showFlares":true,"showImageEffects":true,"showParticleSystems":true,"showVisualEffectGraphs":true,"m_FxEnabled":true},"in2DMode":false,"pivot":{"x":7.886009216308594,"y":2.9097185134887697,"z":1.962416648864746},"rotation":{"x":-0.049480944871902469,"y":0.4079786241054535,"z":-0.022336073219776155,"w":-0.9114683270454407},"size":2.7826201915740969,"orthographic":false}